Country ISO3,Country Name,Indicator Id,Indicator,Subindicator Type,2012,2013,2014,2015,2016,2017,2018,2019,2020
AFG,Afghanistan,32534,CPI Score,Total,8,8,12,11,15,15,16,16,19
AFG,Afghanistan,32535,Rank,Rank,174,175,172,166,169,177,172,173,165
AGO,Angola,32534,CPI Score,Total,22,23,19,15,18,19,19,26,27
AGO,Angola,32535,Rank,Rank,157,153,161,163,164,167,165,146,142
ALB,Albania,32534,CPI Score,Total,33,31,33,36,39,38,36,35,36
ALB,Albania,32535,Rank,Rank,113,116,110,88,83,91,99,106,104
ARE,United Arab Emirates,32534,CPI Score,Total,68,69,70,70,66,71,70,71,71
ARE,United Arab Emirates,32535,Rank,Rank,27,26,25,23,24,21,23,21,21
ARG,Argentina,32534,CPI Score,Total,35,34,34,32,36,39,40,45,42
ARG,Argentina,32535,Rank,Rank,102,106,107,107,95,85,85,66,78
ARM,Armenia,32534,CPI Score,Total,34,36,37,35,33,35,35,42,49
ARM,Armenia,32535,Rank,Rank,105,94,94,95,113,107,105,77,60
AUS,Australia,32534,CPI Score,Total,85,81,80,79,79,77,77,77,77
AUS,Australia,32535,Rank,Rank,7,9,11,13,13,13,13,12,11
AUT,Austria,32534,CPI Score,Total,69,69,72,76,75,75,76,77,76
AUT,Austria,32535,Rank,Rank,25,26,23,16,17,16,14,12,15
AZE,Azerbaijan,32534,CPI Score,Total,27,28,29,29,30,31,25,30,30
AZE,Azerbaijan,32535,Rank,Rank,139,127,126,119,123,122,152,126,129
BDI,Burundi,32534,CPI Score,Total,19,21,20,21,20,22,17,19,19
BDI,Burundi,32535,Rank,Rank,165,157,159,150,159,157,170,165,165
BEL,Belgium,32534,CPI Score,Total,75,75,,77,77,75,75,75,76
BEL,Belgium,32535,Rank,Rank,16,15,15,15,15,16,17,17,15
BEN,Benin,32534,CPI Score,Total,36,36,39,37,36,39,40,41,41
BEN,Benin,32535,Rank,Rank,94,94,80,83,95,85,85,80,83
BFA,Burkina Faso,32534,CPI Score,Total,38,38,38,38,42,42,41,40,40
BFA,Burkina Faso,32535,Rank,Rank,83,83,85,76,72,74,78,85,86
BGD,Bangladesh,32534,CPI Score,Total,26,27,25,25,26,28,26,26,26
BGD,Bangladesh,32535,Rank,Rank,144,136,145,139,145,143,149,146,146
BGR,Bulgaria,32534,CPI Score,Total,41,41,43,41,41,43,42,43,44
BGR,Bulgaria,32535,Rank,Rank,75,77,69,69,75,71,77,74,69
BHR,Bahrain,32534,CPI Score,Total,51,48,49,51,43,36,36,42,42
BHR,Bahrain,32535,Rank,Rank,53,57,55,50,70,103,99,77,78
BHS,"Bahamas, The",32534,CPI Score,Total,71,71,71,,66,65,65,64,63
BHS,"Bahamas, The",32535,Rank,Rank,22,22,24,,24,28,29,29,30
BIH,Bosnia and Herzegovina,32534,CPI Score,Total,42,42,39,38,39,38,38,36,35
BIH,Bosnia and Herzegovina,32535,Rank,Rank,72,72,80,76,83,91,89,101,111
BLR,Belarus,32534,CPI Score,Total,31,29,31,32,40,44,44,45,47
BLR,Belarus,32535,Rank,Rank,123,123,119,107,79,68,70,66,63
BOL,Bolivia,32534,CPI Score,Total,34,34,35,34,33,33,29,31,31
BOL,Bolivia,32535,Rank,Rank,105,106,103,99,113,112,132,123,124
BRA,Brazil,32534,CPI Score,Total,43,42,43,38,40,37,35,35,38
BRA,Brazil,32535,Rank,Rank,69,72,69,76,79,96,105,106,94
BRB,Barbados,32534,CPI Score,Total,76,75,74,,61,68,68,62,64
BRB,Barbados,32535,Rank,Rank,15,15,17,,31,25,25,30,29
BRN,Brunei Darussalam,32534,CPI Score,Total,55,60,,,58,62,63,60,60
BRN,Brunei Darussalam,32535,Rank,Rank,46,38,,,41,32,31,35,35
BTN,Bhutan,32534,CPI Score,Total,63,63,65,65,65,67,68,68,68
BTN,Bhutan,32535,Rank,Rank,33,31,30,27,27,26,25,25,24
BWA,Botswana,32534,CPI Score,Total,65,64,63,63,60,61,61,61,60
BWA,Botswana,32535,Rank,Rank,30,30,31,28,35,34,34,34,35
CAF,Central African Republic,32534,CPI Score,Total,26,25,24,24,20,23,26,25,26
CAF,Central African Republic,32535,Rank,Rank,144,144,150,145,159,156,149,153,146
CAN,Canada,32534,CPI Score,Total,84,81,81,83,82,82,81,77,77
CAN,Canada,32535,Rank,Rank,9,9,10,9,9,8,9,12,11
CHE,Switzerland,32534,CPI Score,Total,86,85,86,86,86,85,85,85,85
CHE,Switzerland,32535,Rank,Rank,6,7,5,7,5,3,3,4,3
CHL,Chile,32534,CPI Score,Total,72,71,73,70,66,67,67,67,67
CHL,Chile,32535,Rank,Rank,20,22,21,23,24,26,27,26,25
CHN,China,32534,CPI Score,Total,39,40,36,37,40,41,39,41,42
CHN,China,32535,Rank,Rank,80,80,100,83,79,77,87,80,78
CIV,Cote d'Ivoire,32534,CPI Score,Total,,,,,,36,35,35,36
CIV,Cote d'Ivoire,32535,Rank,Rank,,,,,,103,105,106,104
CMR,Cameroon,32534,CPI Score,Total,26,25,27,27,26,25,25,25,25
CMR,Cameroon,32535,Rank,Rank,144,144,136,130,145,153,152,153,149
COD,"Congo, Dem. Rep.",32534,CPI Score,Total,,,,,,,20,18,18
COD,"Congo, Dem. Rep.",32535,Rank,Rank,,,,,,,161,168,170
COG,"Congo, Rep.",32534,CPI Score,Total,,,,,,21,19,19,19
COG,"Congo, Rep.",32535,Rank,Rank,,,,,,161,165,165,165
COL,Colombia,32534,CPI Score,Total,36,36,37,37,37,37,36,37,39
COL,Colombia,32535,Rank,Rank,94,94,94,83,90,96,99,96,92
COM,Comoros,32534,CPI Score,Total,28,28,26,26,24,27,27,25,21
COM,Comoros,32535,Rank,Rank,133,127,142,136,153,148,144,153,160
CPV,Cabo Verde,32534,CPI Score,Total,60,58,57,55,59,55,57,58,58
CPV,Cabo Verde,32535,Rank,Rank,39,41,42,40,38,48,45,41,41
CRI,Costa Rica,32534,CPI Score,Total,54,53,54,55,58,59,56,56,57
CRI,Costa Rica,32535,Rank,Rank,48,49,47,40,41,38,48,44,42
CUB,Cuba,32534,CPI Score,Total,48,46,46,47,47,47,47,48,47
CUB,Cuba,32535,Rank,Rank,58,63,63,56,60,62,61,60,63
CYP,Cyprus,32534,CPI Score,Total,66,63,63,61,55,57,59,58,57
CYP,Cyprus,32535,Rank,Rank,29,31,31,32,47,42,38,41,42
CZE,Czech Republic,32534,CPI Score,Total,49,48,51,56,55,57,59,56,54
CZE,Czech Republic,32535,Rank,Rank,54,57,53,37,47,42,38,44,49
DEU,Germany,32534,CPI Score,Total,79,78,79,81,81,81,80,80,80
DEU,Germany,32535,Rank,Rank,13,12,12,10,10,12,11,9,9
DJI,Djibouti,32534,CPI Score,Total,36,36,34,34,30,31,31,30,27
DJI,Djibouti,32535,Rank,Rank,94,94,107,99,123,122,124,126,142
DMA,Dominica,32534,CPI Score,Total,58,58,58,,59,57,57,55,55
DMA,Dominica,32535,Rank,Rank,41,41,39,,38,42,45,48,48
DNK,Denmark,32534,CPI Score,Total,90,91,92,91,90,88,88,87,88
DNK,Denmark,32535,Rank,Rank,1,1,1,1,1,2,1,1,1
DOM,Dominican Republic,32534,CPI Score,Total,32,29,32,33,31,29,30,28,28
DOM,Dominican Republic,32535,Rank,Rank,118,123,115,103,120,135,129,137,137
DZA,Algeria,32534,CPI Score,Total,34,36,36,36,34,33,35,35,36
DZA,Algeria,32535,Rank,Rank,105,94,100,88,108,112,105,106,104
ECU,Ecuador,32534,CPI Score,Total,32,35,33,32,31,32,34,38,39
ECU,Ecuador,32535,Rank,Rank,118,102,110,107,120,117,114,93,92
EGY,"Egypt, Arab Rep.",32534,CPI Score,Total,32,32,37,36,34,32,35,35,33
EGY,"Egypt, Arab Rep.",32535,Rank,Rank,118,114,94,88,108,117,105,106,117
ERI,Eritrea,32534,CPI Score,Total,25,20,18,18,18,20,24,23,21
ERI,Eritrea,32535,Rank,Rank,150,160,166,154,164,165,157,160,160
ESP,Spain,32534,CPI Score,Total,65,59,60,58,58,57,58,62,62
ESP,Spain,32535,Rank,Rank,30,40,37,36,41,42,41,30,32
EST,Estonia,32534,CPI Score,Total,64,68,69,70,70,71,73,74,75
EST,Estonia,32535,Rank,Rank,32,28,26,23,22,21,18,18,17
ETH,Ethiopia,32534,CPI Score,Total,33,33,33,33,34,35,34,37,38
ETH,Ethiopia,32535,Rank,Rank,113,111,110,103,108,107,114,96,94
FIN,Finland,32534,CPI Score,Total,90,89,89,90,89,85,85,86,85
FIN,Finland,32535,Rank,Rank,1,3,3,2,3,3,3,3,3
FRA,France,32534,CPI Score,Total,,,,,,,72,69,69
FRA,France,32535,Rank,Rank,,,,,,,21,23,23
GAB,Gabon,32534,CPI Score,Total,35,34,37,34,35,32,31,31,30
GAB,Gabon,32535,Rank,Rank,102,106,94,99,101,117,124,123,129
GBR,United Kingdom,32534,CPI Score,Total,74,76,78,81,81,82,80,77,77
GBR,United Kingdom,32535,Rank,Rank,17,14,14,10,10,8,11,12,11
GEO,Georgia,32534,CPI Score,Total,52,49,52,52,57,56,58,56,56
GEO,Georgia,32535,Rank,Rank,51,55,50,48,44,46,41,44,45
GHA,Ghana,32534,CPI Score,Total,45,46,48,47,43,40,41,41,43
GHA,Ghana,32535,Rank,Rank,64,63,61,56,70,81,78,80,75
GIN,Guinea,32534,CPI Score,Total,24,24,25,25,27,27,28,29,28
GIN,Guinea,32535,Rank,Rank,154,150,145,139,142,148,138,130,137
GMB,"Gambia, The",32534,CPI Score,Total,34,28,29,28,26,30,37,37,37
GMB,"Gambia, The",32535,Rank,Rank,105,127,126,123,145,130,93,96,102
GNB,Guinea-Bissau,32534,CPI Score,Total,25,19,19,17,16,17,16,18,19
GNB,Guinea-Bissau,32535,Rank,Rank,150,163,161,158,168,171,172,168,165
GNQ,Equatorial Guinea,32534,CPI Score,Total,20,19,,,,17,16,16,16
GNQ,Equatorial Guinea,32535,Rank,Rank,163,163,,,,171,172,173,174
GRC,Greece,32534,CPI Score,Total,36,40,43,46,44,48,45,48,50
GRC,Greece,32535,Rank,Rank,94,80,69,58,69,59,67,60,59
GRD,Grenada,32534,CPI Score,Total,,,,,56,52,52,53,53
GRD,Grenada,32535,Rank,Rank,,,,,46,52,53,51,52
GTM,Guatemala,32534,CPI Score,Total,33,29,32,28,28,28,27,26,25
GTM,Guatemala,32535,Rank,Rank,113,123,115,123,136,143,144,146,149
GUY,Guyana,32534,CPI Score,Total,28,27,30,29,34,38,37,40,41
GUY,Guyana,32535,Rank,Rank,133,136,124,119,108,91,93,85,83
HKG,"Hong Kong SAR, China",32534,CPI Score,Total,77,75,74,75,77,77,76,76,77
HKG,"Hong Kong SAR, China",32535,Rank,Rank,14,15,17,18,15,13,14,16,11
HND,Honduras,32534,CPI Score,Total,28,26,29,31,30,29,29,26,24
HND,Honduras,32535,Rank,Rank,133,140,126,112,123,135,132,146,157
HRV,Croatia,32534,CPI Score,Total,46,48,48,51,49,49,48,47,47
HRV,Croatia,32535,Rank,Rank,62,57,61,50,55,57,60,63,63
HTI,Haiti,32534,CPI Score,Total,19,19,19,17,20,22,20,18,18
HTI,Haiti,32535,Rank,Rank,165,163,161,158,159,157,161,168,170
HUN,Hungary,32534,CPI Score,Total,55,54,54,51,48,45,46,44,44
HUN,Hungary,32535,Rank,Rank,46,47,47,50,57,66,64,70,69
IDN,Indonesia,32534,CPI Score,Total,32,32,34,36,37,37,38,40,37
IDN,Indonesia,32535,Rank,Rank,118,114,107,88,90,96,89,85,102
IND,India,32534,CPI Score,Total,36,36,38,38,40,40,41,41,40
IND,India,32535,Rank,Rank,94,94,85,76,79,81,78,80,86
IRL,Ireland,32534,CPI Score,Total,69,72,74,75,73,74,73,74,72
IRL,Ireland,32535,Rank,Rank,25,21,17,18,19,19,18,18,20
IRN,"Iran, Islamic Rep.",32534,CPI Score,Total,28,25,27,27,29,30,28,26,25
IRN,"Iran, Islamic Rep.",32535,Rank,Rank,133,144,136,130,131,130,138,146,149
IRQ,Iraq,32534,CPI Score,Total,18,16,16,16,17,18,18,20,21
IRQ,Iraq,32535,Rank,Rank,169,171,170,161,166,169,168,162,160
ISL,Iceland,32534,CPI Score,Total,82,78,79,79,78,77,76,78,75
ISL,Iceland,32535,Rank,Rank,11,12,12,13,14,13,14,11,17
ISR,Israel,32534,CPI Score,Total,60,61,60,61,64,62,61,60,60
ISR,Israel,32535,Rank,Rank,39,36,37,32,28,32,34,35,35
ITA,Italy,32534,CPI Score,Total,42,43,43,44,47,50,52,53,53
ITA,Italy,32535,Rank,Rank,72,69,69,61,60,54,53,51,52
JAM,Jamaica,32534,CPI Score,Total,38,38,38,41,39,44,44,43,44
JAM,Jamaica,32535,Rank,Rank,83,83,85,69,83,68,70,74,69
JOR,Jordan,32534,CPI Score,Total,48,45,49,53,48,48,49,48,49
JOR,Jordan,32535,Rank,Rank,58,66,55,45,57,59,58,60,60
JPN,Japan,32534,CPI Score,Total,74,74,76,75,72,73,73,73,74
JPN,Japan,32535,Rank,Rank,17,18,15,18,20,20,18,20,19
KAZ,Kazakhstan,32534,CPI Score,Total,28,26,29,28,29,31,31,34,38
KAZ,Kazakhstan,32535,Rank,Rank,133,140,126,123,131,122,124,113,94
KEN,Kenya,32534,CPI Score,Total,27,27,25,25,26,28,27,28,31
KEN,Kenya,32535,Rank,Rank,139,136,145,139,145,143,144,137,
KGZ,Kyrgyz Republic,32534,CPI Score,Total,24,24,27,28,28,29,29,30,31
KGZ,Kyrgyz Republic,32535,Rank,Rank,154,150,136,123,136,135,132,126,124
KHM,Cambodia,32534,CPI Score,Total,22,20,21,21,21,21,20,20,21
KHM,Cambodia,32535,Rank,Rank,157,160,156,150,156,161,161,162,160
KOR,"Korea, Rep.",32534,CPI Score,Total,,,,,,54,57,59,61
KOR,"Korea, Rep.",32535,Rank,Rank,,,,,,51,45,39,33
KSV,Kosovo,32534,CPI Score,Total,,,,,,,,36,36
KSV,Kosovo,32535,Rank,Rank,,,,,,,,101,104
KWT,Kuwait,32534,CPI Score,Total,44,43,44,49,41,39,41,40,42
KWT,Kuwait,32535,Rank,Rank,66,69,67,55,75,85,78,85,78
LAO,Lao PDR,32534,CPI Score,Total,21,26,25,25,30,29,29,29,29
LAO,Lao PDR,32535,Rank,Rank,160,140,145,139,123,135,132,130,134
LBN,Lebanon,32534,CPI Score,Total,30,28,27,28,28,28,28,28,25
LBN,Lebanon,32535,Rank,Rank,128,127,136,123,136,143,138,137,149
LBR,Liberia,32534,CPI Score,Total,41,38,37,37,37,31,32,28,28
LBR,Liberia,32535,Rank,Rank,75,83,94,83,90,122,120,137,137
LBY,Libya,32534,CPI Score,Total,21,15,18,16,14,17,17,18,17
LBY,Libya,32535,Rank,Rank,160,172,166,161,170,171,170,168,173
LCA,St. Lucia,32534,CPI Score,Total,71,71,,,60,55,55,55,56
LCA,St. Lucia,32535,Rank,Rank,22,22,,,35,48,50,48,45
LKA,Sri Lanka,32534,CPI Score,Total,40,37,38,37,36,38,38,38,38
LKA,Sri Lanka,32535,Rank,Rank,79,91,85,83,95,91,89,93,94
LSO,Lesotho,32534,CPI Score,Total,45,49,49,44,39,42,41,40,41
LSO,Lesotho,32535,Rank,Rank,64,55,55,61,83,74,78,85,83
LTU,Lithuania,32534,CPI Score,Total,54,57,58,61,59,59,59,60,60
LTU,Lithuania,32535,Rank,Rank,48,43,39,32,38,38,38,35,35
LUX,Luxembourg,32534,CPI Score,Total,80,80,82,81,81,82,81,80,80
LUX,Luxembourg,32535,Rank,Rank,12,11,9,10,10,8,9,9,9
LVA,Latvia,32534,CPI Score,Total,49,53,55,55,57,58,58,56,57
LVA,Latvia,32535,Rank,Rank,54,49,43,40,44,40,41,44,42
MAR,Morocco,32534,CPI Score,Total,37,37,39,36,37,40,43,41,40
MAR,Morocco,32535,Rank,Rank,88,91,80,88,90,81,73,80,86
MDA,Moldova,32534,CPI Score,Total,36,35,35,33,30,31,33,32,34
MDA,Moldova,32535,Rank,Rank,94,102,103,103,123,122,117,120,115
MDG,Madagascar,32534,CPI Score,Total,32,28,28,28,26,24,25,24,25
MDG,Madagascar,32535,Rank,Rank,118,127,133,123,145,155,152,158,149
MDV,Maldives,32534,CPI Score,Total,,,,,36,33,31,29,43
MDV,Maldives,32535,Rank,Rank,,,,,95,112,124,130,75
MEX,Mexico,32534,CPI Score,Total,34,34,35,35,30,29,28,29,31
MEX,Mexico,32535,Rank,Rank,105,106,103,95,123,135,138,130,124
MKD,"Macedonia, FYR",32534,CPI Score,Total,43,44,,,,35,37,35,35
MKD,"Macedonia, FYR",32535,Rank,Rank,69,67,,,,107,93,106,111
MLI,Mali,32534,CPI Score,Total,34,28,32,35,32,31,32,29,30
MLI,Mali,32535,Rank,Rank,105,127,115,95,116,122,120,130,129
MLT,Malta,32534,CPI Score,Total,57,56,55,56,55,56,54,54,53
MLT,Malta,32535,Rank,Rank,43,45,43,37,47,46,51,50,52
MMR,Myanmar,32534,CPI Score,Total,15,21,21,22,28,30,29,29,28
MMR,Myanmar,32535,Rank,Rank,172,157,156,147,136,130,132,130,137
MNE,Montenegro,32534,CPI Score,Total,41,44,42,44,45,46,45,45,45
MNE,Montenegro,32535,Rank,Rank,75,67,76,61,64,64,67,66,67
MNG,Mongolia,32534,CPI Score,Total,36,38,39,39,38,36,37,35,35
MNG,Mongolia,32535,Rank,Rank,94,83,80,72,87,103,93,106,111
MOZ,Mozambique,32534,CPI Score,Total,31,30,31,31,27,25,23,26,25
MOZ,Mozambique,32535,Rank,Rank,123,119,119,112,142,153,158,146,149
MRT,Mauritania,32534,CPI Score,Total,31,30,30,31,27,28,27,28,29
MRT,Mauritania,32535,Rank,Rank,123,119,124,112,142,143,144,137,134
MUS,Mauritius,32534,CPI Score,Total,57,52,54,53,54,50,51,52,53
MUS,Mauritius,32535,Rank,Rank,43,52,47,45,50,54,56,56,52
MWI,Malawi,32534,CPI Score,Total,37,37,33,31,31,31,32,31,30
MWI,Malawi,32535,Rank,Rank,88,91,110,112,120,122,120,123,129
MYS,Malaysia,32534,CPI Score,Total,49,50,52,50,49,47,47,53,51
MYS,Malaysia,32535,Rank,Rank,54,53,50,54,55,62,61,51,57
NAM,Namibia,32534,CPI Score,Total,48,48,49,53,52,51,53,52,51
NAM,Namibia,32535,Rank,Rank,58,57,55,45,53,53,52,56,57
NER,Niger,32534,CPI Score,Total,33,34,35,34,35,33,34,32,32
NER,Niger,32535,Rank,Rank,113,106,103,99,101,112,114,120,123
NGA,Nigeria,32534,CPI Score,Total,27,25,27,26,28,27,27,26,25
NGA,Nigeria,32535,Rank,Rank,139,144,136,136,136,148,144,146,149
NIC,Nicaragua,32534,CPI Score,Total,29,28,28,27,26,26,25,22,22
NIC,Nicaragua,32535,Rank,Rank,130,127,133,130,145,151,152,161,159
NLD,Netherlands,32534,CPI Score,Total,84,83,83,87,83,82,82,82,82
NLD,Netherlands,32535,Rank,Rank,9,8,8,5,8,8,8,8,8
NOR,Norway,32534,CPI Score,Total,85,86,86,87,85,85,84,84,84
NOR,Norway,32535,Rank,Rank,7,5,5,5,6,3,7,7,7
NPL,Nepal,32534,CPI Score,Total,27,31,29,27,29,31,31,34,33
NPL,Nepal,32535,Rank,Rank,139,116,126,130,131,122,124,113,117
NZL,New Zealand,32534,CPI Score,Total,90,91,91,88,90,89,87,87,88
NZL,New Zealand,32535,Rank,Rank,1,1,2,4,1,1,2,1,1
OMN,Oman,32534,CPI Score,Total,47,47,45,45,45,44,52,52,54
OMN,Oman,32535,Rank,Rank,61,61,64,60,64,68,53,56,49
PAK,Pakistan,32534,CPI Score,Total,27,28,29,30,32,32,33,32,31
PAK,Pakistan,32535,Rank,Rank,139,127,126,117,116,117,117,120,124
PAN,Panama,32534,CPI Score,Total,38,35,37,39,38,37,37,36,35
PAN,Panama,32535,Rank,Rank,83,102,94,72,87,96,93,101,111
PER,Peru,32534,CPI Score,Total,38,38,38,36,35,37,35,36,38
PER,Peru,32535,Rank,Rank,83,83,85,88,101,96,105,101,94
PHL,Philippines,32534,CPI Score,Total,34,36,38,35,35,34,36,34,34
PHL,Philippines,32535,Rank,Rank,105,94,85,95,101,111,99,113,115
PNG,Papua New Guinea,32534,CPI Score,Total,25,25,25,25,28,29,28,28,27
PNG,Papua New Guinea,32535,Rank,Rank,150,144,145,139,136,135,138,137,142
POL,Poland,32534,CPI Score,Total,58,60,61,62,62,60,60,58,56
POL,Poland,32535,Rank,Rank,41,38,35,30,29,36,36,41,45
PRI,Puerto Rico,32534,CPI Score,Total,63,62,63,,,,,,
PRI,Puerto Rico,32535,Rank,Rank,33,33,31,,,,,,
PRK,"Korea, Dem. People’s Rep.",32534,CPI Score,Total,,,,,,,14,17,18
PRK,"Korea, Dem. People’s Rep.",32535,Rank,Rank,,,,,,,176,172,170
PRT,Portugal,32534,CPI Score,Total,63,62,63,63,62,63,64,62,61
PRT,Portugal,32535,Rank,Rank,33,33,31,28,29,29,30,30,33
PRY,Paraguay,32534,CPI Score,Total,25,24,24,27,30,29,29,28,28
PRY,Paraguay,32535,Rank,Rank,150,150,150,130,123,135,132,137,137
QAT,Qatar,32534,CPI Score,Total,68,68,69,71,61,63,62,62,63
QAT,Qatar,32535,Rank,Rank,27,28,26,22,31,29,33,30,30
ROU,Romania,32534,CPI Score,Total,,,,,,,47,44,44
ROU,Romania,32535,Rank,Rank,,,,,,,61,70,69
RUS,Russian Federation,32534,CPI Score,Total,28,28,27,29,29,29,28,28,30
RUS,Russian Federation,32535,Rank,Rank,133,127,136,119,131,135,138,137,129
RWA,Rwanda,32534,CPI Score,Total,53,53,49,54,54,55,56,53,54
RWA,Rwanda,32535,Rank,Rank,50,49,55,44,50,48,48,51,49
SAU,Saudi Arabia,32534,CPI Score,Total,44,46,49,52,46,49,49,53,53
SAU,Saudi Arabia,32535,Rank,Rank,66,63,55,48,62,57,58,51,52
SDN,Sudan,32534,CPI Score,Total,13,11,11,12,14,16,16,16,16
SDN,Sudan,32535,Rank,Rank,173,174,173,165,170,175,172,173,174
SEN,Senegal,32534,CPI Score,Total,36,41,43,44,45,45,45,45,45
SEN,Senegal,32535,Rank,Rank,94,77,69,61,64,66,67,66,67
SGP,Singapore,32534,CPI Score,Total,87,86,84,85,84,84,85,85,85
SGP,Singapore,32535,Rank,Rank,5,5,7,8,7,6,3,4,3
SLB,Solomon Islands,32534,CPI Score,Total,,,,,42,39,44,42,42
SLB,Solomon Islands,32535,Rank,Rank,,,,,72,85,70,77,78
SLE,Sierra Leone,32534,CPI Score,Total,31,30,31,29,30,30,30,33,33
SLE,Sierra Leone,32535,Rank,Rank,123,119,119,119,123,130,129,119,117
SLV,El Salvador,32534,CPI Score,Total,38,38,39,39,36,33,35,34,36
SLV,El Salvador,32535,Rank,Rank,83,83,80,72,95,112,105,113,104
SOM,Somalia,32534,CPI Score,Total,8,8,8,8,10,9,10,9,12
SOM,Somalia,32535,Rank,Rank,174,175,174,167,176,180,180,180,179
SRB,Serbia,32534,CPI Score,Total,39,42,41,40,42,41,39,39,38
SRB,Serbia,32535,Rank,Rank,80,72,78,71,72,77,87,91,94
SSD,South Sudan,32534,CPI Score,Total,,14,15,15,11,12,13,12,12
SSD,South Sudan,32535,Rank,Rank,,173,171,163,175,179,178,179,179
STP,Sao Tome and Principe,32534,CPI Score,Total,42,42,42,42,46,46,46,46,47
STP,Sao Tome and Principe,32535,Rank,Rank,72,72,76,66,62,64,64,64,63
SUR,Suriname,32534,CPI Score,Total,37,36,36,36,45,41,43,44,38
SUR,Suriname,32535,Rank,Rank,88,94,100,88,64,77,73,70,94
SVK,Slovak Republic,32534,CPI Score,Total,46,47,50,51,51,50,50,50,49
SVK,Slovak Republic,32535,Rank,Rank,62,61,54,50,54,54,57,59,60
SVN,Slovenia,32534,CPI Score,Total,61,57,58,60,61,61,60,60,60
SVN,Slovenia,32535,Rank,Rank,37,43,39,35,31,34,36,35,35
SWE,Sweden,32534,CPI Score,Total,88,89,87,89,88,84,85,85,85
SWE,Sweden,32535,Rank,Rank,4,3,4,3,4,6,3,4,3
SWZ,Swaziland,32534,CPI Score,Total,37,39,43,,,39,38,34,33
SWZ,Swaziland,32535,Rank,Rank,88,82,69,,,85,89,113,117
SYC,Seychelles,32534,CPI Score,Total,52,54,55,55,,60,66,66,66
SYC,Seychelles,32535,Rank,Rank,51,47,43,40,,36,28,27,27
SYR,Syrian Arab Republic,32534,CPI Score,Total,26,17,20,18,13,14,13,13,14
SYR,Syrian Arab Republic,32535,Rank,Rank,144,168,159,154,173,178,178,178,178
TCD,Chad,32534,CPI Score,Total,19,19,22,22,20,20,19,20,21
TCD,Chad,32535,Rank,Rank,165,163,154,147,159,165,165,162,160
TGO,Togo,32534,CPI Score,Total,30,29,29,32,32,32,30,29,29
TGO,Togo,32535,Rank,Rank,128,123,126,107,116,117,129,130,134
THA,Thailand,32534,CPI Score,Total,37,35,38,38,35,37,36,36,36
THA,Thailand,32535,Rank,Rank,88,102,85,76,101,96,99,101,104
TJK,Tajikistan,32534,CPI Score,Total,22,22,23,26,25,21,25,25,25
TJK,Tajikistan,32535,Rank,Rank,157,154,152,136,151,161,152,153,149
TKM,Turkmenistan,32534,CPI Score,Total,17,17,17,18,22,19,20,19,19
TKM,Turkmenistan,32535,Rank,Rank,170,168,169,154,154,167,161,165,165
TLS,Timor-Leste,32534,CPI Score,Total,,,,,,,35,38,40
TLS,Timor-Leste,32535,Rank,Rank,,,,,,,105,93,86
TTO,Trinidad and Tobago,32534,CPI Score,Total,39,38,38,39,35,41,41,40,40
TTO,Trinidad and Tobago,32535,Rank,Rank,80,83,85,72,101,77,78,85,86
TUN,Tunisia,32534,CPI Score,Total,41,41,40,38,41,42,43,43,44
TUN,Tunisia,32535,Rank,Rank,75,77,79,76,75,74,73,74,69
TUR,Turkey,32534,CPI Score,Total,49,50,45,42,41,40,41,39,40
TUR,Turkey,32535,Rank,Rank,54,53,64,66,75,81,78,91,86
TWN,"Taiwan, China",32534,CPI Score,Total,,,,,,,63,65,65
TWN,"Taiwan, China",32535,Rank,Rank,,,,,,,31,28,28
TZA,Tanzania,32534,CPI Score,Total,35,33,31,30,32,36,36,37,38
TZA,Tanzania,32535,Rank,Rank,102,111,119,117,116,103,99,96,94
UGA,Uganda,32534,CPI Score,Total,29,26,26,25,25,26,26,28,27
UGA,Uganda,32535,Rank,Rank,130,140,142,139,151,151,149,137,142
UKR,Ukraine,32534,CPI Score,Total,26,25,26,27,29,30,32,30,33
UKR,Ukraine,32535,Rank,Rank,144,144,142,130,131,130,120,126,117
URY,Uruguay,32534,CPI Score,Total,72,73,73,74,71,70,70,71,71
URY,Uruguay,32535,Rank,Rank,20,19,21,21,21,23,23,21,21
USA,United States,32534,CPI Score,Total,73,73,74,,,75,71,69,67
USA,United States,32535,Rank,Rank,19,19,17,,,16,,23,25
UZB,Uzbekistan,32534,CPI Score,Total,17,17,18,19,21,22,23,25,26
UZB,Uzbekistan,32535,Rank,Rank,170,168,166,153,156,157,158,153,146
VCT,St. Vincent and the Grenadines,32534,CPI Score,Total,62,62,67,,60,58,58,59,59
VCT,St. Vincent and the Grenadines,32535,Rank,Rank,36,33,29,,35,40,41,39,40
VEN,"Venezuela, RB",32534,CPI Score,Total,19,20,19,17,17,18,18,16,15
VEN,"Venezuela, RB",32535,Rank,Rank,165,160,161,158,166,169,168,173,176
VNM,Vietnam,32534,CPI Score,Total,31,31,31,31,33,35,33,37,36
VNM,Vietnam,32535,Rank,Rank,123,116,119,112,113,107,117,96,104
VUT,Vanuatu,32534,CPI Score,Total,,,,,,43,46,46,43
VUT,Vanuatu,32535,Rank,Rank,,,,,,71,64,64,75
WSM,Samoa,32534,CPI Score,Total,,,52,,,,,,
WSM,Samoa,32535,Rank,Rank,,,50,,,,,,
YEM,"Yemen, Rep.",32534,CPI Score,Total,23,18,19,18,14,16,14,15,15
YEM,"Yemen, Rep.",32535,Rank,Rank,156,167,161,154,170,175,176,177,176
ZAF,South Africa,32534,CPI Score,Total,43,42,44,44,45,43,43,44,44
ZAF,South Africa,32535,Rank,Rank,69,72,67,61,64,71,73,70,69
ZMB,Zambia,32534,CPI Score,Total,37,38,38,38,38,37,35,34,33
ZMB,Zambia,32535,Rank,Rank,88,83,85,76,87,96,105,113,117
ZWE,Zimbabwe,32534,CPI Score,Total,20,21,21,21,22,22,22,24,24
ZWE,Zimbabwe,32535,Rank,Rank,163,157,156,150,154,157,160,158,157
